{
    "loss": 0.6498538255691528,
    "accuracy": 0.9385964870452881
}